#{"t_start": 1741526076.7943435, "env_id": "None"}
r,l,t,distance_to_target,collision,reached_goal,target
45.176748,22,12.827685,0.40098390876119905,True,False,[0.3 0.  0.5]
57.018201,22,24.380615,0.4114363965240358,True,False,[0.3 0.  0.5]
84.167373,36,42.964883,0.5165978609597297,True,False,[0.3 0.  0.5]
25.608297,20,53.511721,0.40563125948710516,True,False,[0.3 0.  0.5]
27.95385,22,65.066062,0.4327374303949124,True,False,[0.3 0.  0.5]
27.2195,19,75.10816,0.40923504258668825,True,False,[0.3 0.  0.5]
25.388549,21,86.154775,0.40174845653670926,True,False,[0.3 0.  0.5]
26.620131,21,97.203305,0.4021528278563025,True,False,[0.3 0.  0.5]
31.558195,21,108.251076,0.3577778263594694,True,False,[0.3 0.  0.5]
25.97003,22,119.799459,0.4065022465600302,True,False,[0.3 0.  0.5]
28.003604,21,130.84748,0.3975204564245352,True,False,[0.3 0.  0.5]
25.891803,20,141.670038,0.421245639614621,True,False,[0.3 0.  0.5]
29.452847,19,151.71439,0.3729853725323866,True,False,[0.3 0.  0.5]
30.247515,21,162.764669,0.399574124621333,True,False,[0.3 0.  0.5]
29.168687,20,173.309107,0.389958085100001,True,False,[0.3 0.  0.5]
47.386356,22,184.856837,0.45960763717200664,True,False,[0.3 0.  0.5]
28.185435,21,195.904091,0.4203840373101949,True,False,[0.3 0.  0.5]
35.542244,21,206.950024,0.41009477863160493,True,False,[0.3 0.  0.5]
25.342798,21,217.996737,0.42707256925972636,True,False,[0.3 0.  0.5]
38.355994,22,229.547866,0.3851767211744071,True,False,[0.3 0.  0.5]
27.11863,21,240.595543,0.44247147949434307,True,False,[0.3 0.  0.5]
27.779996,20,251.138374,0.38062116642008154,True,False,[0.3 0.  0.5]
27.064314,22,262.688121,0.4618606705537145,True,False,[0.3 0.  0.5]
27.263277,20,273.501066,0.37711360495664537,True,False,[0.3 0.  0.5]
67.294475,23,285.553952,0.39913594354795867,True,False,[0.3 0.  0.5]
30.051505,22,297.105862,0.4152300183800037,True,False,[0.3 0.  0.5]
22.852289,21,308.155572,0.42614548331890767,True,False,[0.3 0.  0.5]
37.380621,24,320.715179,0.4138167487228449,True,False,[0.3 0.  0.5]
25.223772,22,332.268071,0.3827639471921289,True,False,[0.3 0.  0.5]
27.740664,23,344.323943,0.41465028948459204,True,False,[0.3 0.  0.5]
25.657048,22,355.872291,0.4427297953924687,True,False,[0.3 0.  0.5]
31.585272,20,366.42024,0.40819244008505307,True,False,[0.3 0.  0.5]
27.405416,23,378.472826,0.43875831023060746,True,False,[0.3 0.  0.5]
29.112675,21,389.521643,0.403105005186906,True,False,[0.3 0.  0.5]
22.849928,20,400.066005,0.4225279334490636,True,False,[0.3 0.  0.5]
122.824015,39,420.423862,0.4755646352400252,True,False,[0.3 0.  0.5]
20.302359,21,431.470043,0.47572216402692197,True,False,[0.3 0.  0.5]
37.49058,25,444.532182,0.43635918252461287,True,False,[0.3 0.  0.5]
27.328295,21,455.577897,0.44804648565996474,True,False,[0.3 0.  0.5]
31.082,22,467.12672,0.4152186746946248,True,False,[0.3 0.  0.5]
42.71439,23,479.17949,0.4091913183221104,True,False,[0.3 0.  0.5]
36.509199,24,491.732228,0.41680134583905015,True,False,[0.3 0.  0.5]
25.214017,21,502.780861,0.4149849018655206,True,False,[0.3 0.  0.5]
33.763515,22,514.331071,0.41302341940003484,True,False,[0.3 0.  0.5]
34.239594,21,525.377293,0.4586967890623735,True,False,[0.3 0.  0.5]
53.972317,24,537.934024,0.4214117359802012,True,False,[0.3 0.  0.5]
39.976529,25,551.256778,0.4647423566307979,True,False,[0.3 0.  0.5]
25.961282,24,563.813573,0.42224655709357645,True,False,[0.3 0.  0.5]
180.806603,88,608.502531,0.7347642467593658,True,False,[0.3 0.  0.5]
33.793704,22,620.055219,0.4324090511091737,True,False,[0.3 0.  0.5]
40.641945,28,634.622007,0.4535554556737555,True,False,[0.3 0.  0.5]
42.170185,25,647.679939,0.42658038398912235,True,False,[0.3 0.  0.5]
28.315284,24,660.232383,0.45417946125245107,True,False,[0.3 0.  0.5]
131.389176,70,696.148405,0.7486777616829181,True,False,[0.3 0.  0.5]
42.941878,23,708.202413,0.41741770370605735,True,False,[0.3 0.  0.5]
31.609107,22,719.754818,0.4154757590771943,True,False,[0.3 0.  0.5]
36.489706,29,734.822984,0.7291321962547981,True,False,[0.3 0.  0.5]
27.430192,22,746.373299,0.3981058503673521,True,False,[0.3 0.  0.5]
31.628458,23,758.425883,0.4264462592571035,True,False,[0.3 0.  0.5]
168.504672,93,805.863179,0.8826576383341942,True,False,[0.3 0.  0.5]
80.626103,25,818.922439,0.45540260897297186,True,False,[0.3 0.  0.5]
28.585375,22,830.471151,0.4175142264809927,True,False,[0.3 0.  0.5]
27.888082,22,842.022493,0.4539468666331394,True,False,[0.3 0.  0.5]
26.138243,22,853.572785,0.4144330435100505,True,False,[0.3 0.  0.5]
25.720481,21,864.620417,0.42342831429237954,True,False,[0.3 0.  0.5]
35.804914,22,876.167663,0.4236365277145301,True,False,[0.3 0.  0.5]
32.533369,22,887.71919,0.42217577387338134,True,False,[0.3 0.  0.5]
41.750198,23,899.771482,0.3889436585599985,True,False,[0.3 0.  0.5]
153.907819,75,938.202829,0.5711388381700678,True,False,[0.3 0.  0.5]
138.597666,74,975.86207,0.7961154157797247,True,False,[0.3 0.  0.5]
463.420037,53,1002.981131,0.048211950543592445,False,True,[0.3 0.  0.5]
36.618013,23,1015.037192,0.45077812890234253,True,False,[0.3 0.  0.5]
138.808686,80,1055.710271,0.7726549291723098,True,False,[0.3 0.  0.5]
46.575324,24,1068.265389,0.4201342532662563,True,False,[0.3 0.  0.5]
512.357702,60,1099.15623,0.07223011492143017,False,True,[0.3 0.  0.5]
29.850521,23,1115.208019,0.4233174729258546,True,False,[0.3 0.  0.5]
166.99061,96,1163.917857,0.41158572203494,True,False,[0.3 0.  0.5]
122.115784,82,1205.841867,0.8205806672326895,True,False,[0.3 0.  0.5]
41.242898,25,1218.897784,0.4364606655718858,True,False,[0.3 0.  0.5]
25.329967,22,1230.448061,0.41271388215607124,True,False,[0.3 0.  0.5]
98.437766,83,1272.626255,0.9254498255080172,True,False,[0.3 0.  0.5]
25.609152,22,1284.176342,0.4127580804382634,True,False,[0.3 0.  0.5]
146.120421,80,1324.850817,0.767982793874867,True,False,[0.3 0.  0.5]
29.877293,21,1336.145881,0.4046397287530473,True,False,[0.3 0.  0.5]
29.259095,23,1348.201354,0.394583758354453,True,False,[0.3 0.  0.5]
443.34298,23,1360.256144,0.042706886336068624,False,True,[0.3 0.  0.5]
32.470424,22,1371.808305,0.40151684676828686,True,False,[0.3 0.  0.5]
50.588058,27,1385.868391,0.4382700691342817,True,False,[0.3 0.  0.5]
59.773173,29,1400.936339,0.45390577172569896,True,False,[0.3 0.  0.5]
114.600085,76,1439.600069,0.749800629689309,True,False,[0.3 0.  0.5]
26.887967,21,1450.647567,0.3699888089324504,True,False,[0.3 0.  0.5]
62.737301,35,1468.985565,0.5653117855729727,True,False,[0.3 0.  0.5]
218.581542,100,1519.704053,0.3741027959506434,False,False,[0.3 0.  0.5]
53.941864,29,1534.77243,0.41839741208597675,True,False,[0.3 0.  0.5]
124.535116,80,1575.45722,0.71502658784653,True,False,[0.3 0.  0.5]
280.708953,100,1626.415283,0.6112112004727246,False,False,[0.3 0.  0.5]
34.645831,21,1637.471774,0.3840057641358579,True,False,[0.3 0.  0.5]
477.028036,58,1667.095426,0.02965259393917916,False,True,[0.3 0.  0.5]
129.990313,94,1714.800377,0.4646852794864618,True,False,[0.3 0.  0.5]
198.530515,100,1765.793313,0.4371494617328742,False,False,[0.3 0.  0.5]
165.786615,100,1816.510418,0.4781390244282928,False,False,[0.3 0.  0.5]
30.986355,22,1828.063131,0.39785199538185334,True,False,[0.3 0.  0.5]
34.716774,24,1840.619817,0.40769790456640537,True,False,[0.3 0.  0.5]
222.685539,99,1891.082825,0.8488920880766727,True,False,[0.3 0.  0.5]
99.075007,65,1924.228985,0.27314492605962076,True,False,[0.3 0.  0.5]
45.272235,13,1936.261393,0.2663829315515312,True,False,[0.3 0.  0.5]
66.75184,26,1949.823126,0.4430674454813786,True,False,[0.3 0.  0.5]
491.368509,62,1981.458517,0.03926417283199389,False,True,[0.3 0.  0.5]
131.995319,75,2022.391876,0.8474157407135571,True,False,[0.3 0.  0.5]
48.381437,31,2038.462544,0.4585931314400907,True,False,[0.3 0.  0.5]
474.489218,59,2068.59618,0.04978663678999717,False,True,[0.3 0.  0.5]
268.013254,100,2119.31206,0.4079656014531096,False,False,[0.3 0.  0.5]
112.589279,62,2151.213377,0.32487403114454294,True,False,[0.3 0.  0.5]
71.633286,53,2181.831519,0.3977204610112878,True,False,[0.3 0.  0.5]
37.898394,24,2194.385841,0.4464539815485166,True,False,[0.3 0.  0.5]
80.834057,57,2223.508486,0.30523711115014635,True,False,[0.3 0.  0.5]
73.591988,57,2252.639798,0.3771814115846026,True,False,[0.3 0.  0.5]
168.411004,94,2300.612347,0.6632640111071577,True,False,[0.3 0.  0.5]
136.377229,88,2345.309729,0.4899593887446018,True,False,[0.3 0.  0.5]
148.791632,88,2389.995268,0.8482228301101153,True,False,[0.3 0.  0.5]
162.563363,97,2439.461821,0.7913294165030202,True,False,[0.3 0.  0.5]
221.193002,100,2490.182433,0.6941645954204171,False,False,[0.3 0.  0.5]
228.576988,100,2541.147904,0.7722306078617961,False,False,[0.3 0.  0.5]
39.232322,18,2550.694023,0.33724229913021175,True,False,[0.3 0.  0.5]
33.355216,19,2560.738143,0.33812158270533965,True,False,[0.3 0.  0.5]
36.048584,21,2571.788251,0.35875487202626416,True,False,[0.3 0.  0.5]
33.941029,18,2581.33179,0.33788192443804926,True,False,[0.3 0.  0.5]
37.113767,21,2592.379066,0.40653987101886085,True,False,[0.3 0.  0.5]
31.811427,19,2602.422348,0.3404103894393441,True,False,[0.3 0.  0.5]
143.682648,83,2644.608292,0.8574485753480959,True,False,[0.3 0.  0.5]
38.069463,20,2655.152395,0.3701182678557984,True,False,[0.3 0.  0.5]
32.079991,21,2666.487902,0.33232022740183104,True,False,[0.3 0.  0.5]
34.065636,21,2677.538834,0.3593691781800979,True,False,[0.3 0.  0.5]
38.287058,22,2689.084285,0.368620869153215,True,False,[0.3 0.  0.5]
52.769361,21,2700.135275,0.3381061209666252,True,False,[0.3 0.  0.5]
39.199338,20,2710.683469,0.34851213288083815,True,False,[0.3 0.  0.5]
34.215921,22,2722.236131,0.38136907453939645,True,False,[0.3 0.  0.5]
68.80466,33,2739.312434,0.7414351706572683,True,False,[0.3 0.  0.5]
34.131587,24,2751.867936,0.4752753418805302,True,False,[0.3 0.  0.5]
461.1153,51,2777.981622,0.05050963697600828,False,True,[0.3 0.  0.5]
146.540432,99,2828.455131,1.0190922422646285,True,False,[0.3 0.  0.5]
66.656914,35,2846.534619,0.9895364849073852,True,False,[0.3 0.  0.5]
36.928551,21,2857.582464,0.3677010372689887,True,False,[0.3 0.  0.5]
61.839125,18,2867.124375,0.3046761827985331,True,False,[0.3 0.  0.5]
46.290724,18,2876.667761,0.35100235849691985,True,False,[0.3 0.  0.5]
33.084043,21,2887.716873,0.3794453659614391,True,False,[0.3 0.  0.5]
35.744387,20,2898.266822,0.3531332920822429,True,False,[0.3 0.  0.5]
49.332236,23,2910.31868,0.3785051950004083,True,False,[0.3 0.  0.5]
47.199009,18,2919.858832,0.33189692582865904,True,False,[0.3 0.  0.5]
34.821996,20,2930.667941,0.3607345517038775,True,False,[0.3 0.  0.5]
26.975537,27,2944.727835,0.762330234972124,True,False,[0.3 0.  0.5]
35.365835,19,2954.770284,0.34900811683516986,True,False,[0.3 0.  0.5]
40.694442,21,2965.818861,0.37182604519189777,True,False,[0.3 0.  0.5]
70.376439,23,2977.875613,0.3600596774037281,True,False,[0.3 0.  0.5]
141.807845,32,2994.452217,0.2487411523404145,True,False,[0.3 0.  0.5]
76.65547,25,3007.512023,0.4005625914025755,True,False,[0.3 0.  0.5]
6.445017,19,3017.554847,0.8048961765422861,True,False,[0.3 0.  0.5]
33.161594,20,3028.104823,0.3565692747485963,True,False,[0.3 0.  0.5]
385.422116,13,3035.138317,0.09042471056362589,False,True,[0.3 0.  0.5]
68.436424,22,3046.692453,0.3542967502800534,True,False,[0.3 0.  0.5]
55.202418,30,3062.523204,0.8121724999633029,True,False,[0.3 0.  0.5]
35.521045,18,3072.068063,0.3525301355468613,True,False,[0.3 0.  0.5]
42.232872,20,3082.613914,0.3424017743781373,True,False,[0.3 0.  0.5]
47.672895,28,3097.180442,0.8746559366382519,True,False,[0.3 0.  0.5]
63.148564,19,3107.22412,0.3219087274955189,True,False,[0.3 0.  0.5]
47.21077,20,3117.769791,0.3321732046386873,True,False,[0.3 0.  0.5]
39.545323,19,3127.829485,0.3344140108405513,True,False,[0.3 0.  0.5]
36.350845,20,3138.375018,0.3466520422511909,True,False,[0.3 0.  0.5]
42.722856,26,3151.934248,0.8737053206122531,True,False,[0.3 0.  0.5]
37.980667,19,3161.976057,0.361545857543231,True,False,[0.3 0.  0.5]
38.552245,20,3172.52222,0.33709375706976147,True,False,[0.3 0.  0.5]
36.30043,20,3183.066533,0.33728570967346383,True,False,[0.3 0.  0.5]
64.379495,22,3194.617211,0.3357629990074216,True,False,[0.3 0.  0.5]
48.642942,23,3206.929851,0.3660303973423161,True,False,[0.3 0.  0.5]
66.677828,19,3216.974846,0.36031946886920385,True,False,[0.3 0.  0.5]
186.367621,100,3267.695728,0.11639921159024841,False,False,[0.3 0.  0.5]
62.720412,24,3280.251312,0.3688857570356107,True,False,[0.3 0.  0.5]
44.461846,20,3290.798192,0.3224333281669877,True,False,[0.3 0.  0.5]
40.482123,19,3300.845923,0.3341989139642208,True,False,[0.3 0.  0.5]
75.736663,22,3312.399588,0.34905539545280234,True,False,[0.3 0.  0.5]
67.583538,23,3324.450659,0.3786697509382584,True,False,[0.3 0.  0.5]
59.673315,22,3336.272216,0.37767328874647593,True,False,[0.3 0.  0.5]
74.530909,38,3355.85848,0.6810510004355084,True,False,[0.3 0.  0.5]
80.248308,18,3365.401597,0.31564084476975257,True,False,[0.3 0.  0.5]
98.408839,22,3376.955019,0.24759003213493821,True,False,[0.3 0.  0.5]
35.360297,18,3386.497893,0.3319754898481408,True,False,[0.3 0.  0.5]
63.178513,17,3395.539486,0.3364126489490164,True,False,[0.3 0.  0.5]
48.084606,22,3407.090858,0.3686826675847921,True,False,[0.3 0.  0.5]
126.206448,87,3451.276979,0.8891884247972883,True,False,[0.3 0.  0.5]
39.519115,22,3463.114982,0.40311967162995155,True,False,[0.3 0.  0.5]
56.172777,30,3478.68432,0.6645485920811571,True,False,[0.3 0.  0.5]
40.725411,20,3489.230568,0.33100046589982046,True,False,[0.3 0.  0.5]
33.526136,20,3499.776705,0.3499518487167259,True,False,[0.3 0.  0.5]
40.315109,30,3515.346108,0.9116319160008339,True,False,[0.3 0.  0.5]
141.812848,90,3561.047989,0.37626195593963274,True,False,[0.3 0.  0.5]
49.863617,22,3572.598428,0.3780833611666174,True,False,[0.3 0.  0.5]
150.96124,97,3622.067008,0.3354538086947811,True,False,[0.3 0.  0.5]
38.104544,19,3632.112232,0.3025897131549703,True,False,[0.3 0.  0.5]
78.968627,50,3657.724692,0.30652337677267627,True,False,[0.3 0.  0.5]
86.999975,21,3668.773475,0.2967528137692218,True,False,[0.3 0.  0.5]
143.481689,85,3711.951536,0.8746087055747309,True,False,[0.3 0.  0.5]
81.910814,56,3740.837967,0.3915339698302031,True,False,[0.3 0.  0.5]
61.132375,13,3752.871389,0.2812099166310591,True,False,[0.3 0.  0.5]
59.254746,54,3780.484755,0.3300177854426557,True,False,[0.3 0.  0.5]
82.253532,20,3791.033839,0.3540376451709964,True,False,[0.3 0.  0.5]
73.728599,53,3818.144682,0.37714910547980346,True,False,[0.3 0.  0.5]
61.019741,53,3845.255604,0.380608982436485,True,False,[0.3 0.  0.5]
74.670078,34,3863.101709,0.9415967054679006,True,False,[0.3 0.  0.5]
91.299463,23,3875.157577,0.3447448755921789,True,False,[0.3 0.  0.5]
22.323273,27,3891.718344,0.8381244454416842,True,False,[0.3 0.  0.5]
34.514191,26,3905.275836,0.7898815141208594,True,False,[0.3 0.  0.5]
130.991098,85,3948.46226,0.9533113919161863,True,False,[0.3 0.  0.5]
170.726457,100,3999.44723,0.17048116579530267,False,False,[0.3 0.  0.5]
41.707595,30,4015.012168,0.8311578186492362,True,False,[0.3 0.  0.5]
48.373946,32,4031.586327,0.7010594377487379,True,False,[0.3 0.  0.5]
20.59619,26,4045.143533,0.8897394245572335,True,False,[0.3 0.  0.5]
87.401247,20,4055.68902,0.3019223278611965,True,False,[0.3 0.  0.5]
105.920745,90,4101.381114,0.30012724972086197,True,False,[0.3 0.  0.5]
402.170687,18,4110.924133,0.04507026277088055,False,True,[0.3 0.  0.5]
43.852664,30,4126.489167,0.8608921558198082,True,False,[0.3 0.  0.5]
70.27641,55,4154.877829,0.40516943400591376,True,False,[0.3 0.  0.5]
168.663808,86,4198.56208,0.43660939826072437,True,False,[0.3 0.  0.5]
77.939611,55,4226.679771,0.3509521144022335,True,False,[0.3 0.  0.5]
63.181452,64,4259.570096,0.9553309838927757,True,False,[0.3 0.  0.5]
39.386117,19,4269.616009,0.3506555902521153,True,False,[0.3 0.  0.5]
373.809676,9,4274.638439,0.08850462575484606,False,True,[0.3 0.  0.5]
47.327572,19,4284.6817,0.34726030338766645,True,False,[0.3 0.  0.5]
419.568628,20,4295.227663,0.022162961712018085,False,True,[0.3 0.  0.5]
35.820168,20,4305.771231,0.35343937516918106,True,False,[0.3 0.  0.5]
202.246286,100,4356.483358,0.7817831672562277,False,False,[0.3 0.  0.5]
58.552534,20,4367.034924,0.33338991628403686,True,False,[0.3 0.  0.5]
42.320317,19,4377.08202,0.33366059390494485,True,False,[0.3 0.  0.5]
32.46687,20,4387.635432,0.37329593030866265,True,False,[0.3 0.  0.5]
44.879779,17,4396.949525,0.23822280767464904,True,False,[0.3 0.  0.5]
45.591323,20,4407.495801,0.3442552375823119,True,False,[0.3 0.  0.5]
77.277612,22,4422.548656,0.3831963952603498,True,False,[0.3 0.  0.5]
74.723302,21,4433.59638,0.3712855361620884,True,False,[0.3 0.  0.5]
376.407013,10,4439.120643,0.09316202584215098,False,True,[0.3 0.  0.5]
70.098497,17,4448.160825,0.30997411049300116,True,False,[0.3 0.  0.5]
39.108406,20,4458.706877,0.3309072542129863,True,False,[0.3 0.  0.5]
70.100989,19,4468.754394,0.34223413070730196,True,False,[0.3 0.  0.5]
47.853478,20,4479.315495,0.33329760493888944,True,False,[0.3 0.  0.5]
54.68845,19,4489.380606,0.3245148512407864,True,False,[0.3 0.  0.5]
41.867921,18,4498.942818,0.29572834199537845,True,False,[0.3 0.  0.5]
72.550421,20,4509.510369,0.32692244631907735,True,False,[0.3 0.  0.5]
42.272075,18,4519.066951,0.31699212009465394,True,False,[0.3 0.  0.5]
38.506729,18,4528.637153,0.32518387468041915,True,False,[0.3 0.  0.5]
54.511249,20,4539.596892,0.3250117439948719,True,False,[0.3 0.  0.5]
40.361687,19,4549.661213,0.3212466099592193,True,False,[0.3 0.  0.5]
35.178748,20,4560.233288,0.3747006256655064,True,False,[0.3 0.  0.5]
69.812215,18,4569.787146,0.2816444667434986,True,False,[0.3 0.  0.5]
40.538166,20,4580.353982,0.3372737163941431,True,False,[0.3 0.  0.5]
48.698387,19,4590.419824,0.32820938859346854,True,False,[0.3 0.  0.5]
78.364221,19,4600.488677,0.29241439724738366,True,False,[0.3 0.  0.5]
39.791925,19,4610.548419,0.29698011097573546,True,False,[0.3 0.  0.5]
387.747403,12,4617.090494,0.05519206251827706,False,True,[0.3 0.  0.5]
61.515227,20,4627.65169,0.33106376929970927,True,False,[0.3 0.  0.5]
66.502381,24,4640.23079,0.3553175447088112,True,False,[0.3 0.  0.5]
41.386769,29,4655.331154,0.6786321003815402,True,False,[0.3 0.  0.5]
38.454648,18,4664.893883,0.36806307097514984,True,False,[0.3 0.  0.5]
63.734368,20,4675.835081,0.361224141337176,True,False,[0.3 0.  0.5]
37.008252,19,4685.921849,0.35840348121505466,True,False,[0.3 0.  0.5]
187.204991,97,4735.231043,0.7847512259647031,True,False,[0.3 0.  0.5]
34.401362,28,4749.827892,0.8081805213174668,True,False,[0.3 0.  0.5]
60.012037,19,4759.889468,0.304286454163746,True,False,[0.3 0.  0.5]
38.935337,21,4770.961008,0.352888453010068,True,False,[0.3 0.  0.5]
384.698015,13,4778.000932,0.05395608104166652,False,True,[0.3 0.  0.5]
52.34219,19,4788.060993,0.3489939933561418,True,False,[0.3 0.  0.5]
73.717986,36,4807.041276,0.5999127690002247,True,False,[0.3 0.  0.5]
49.78771,19,4817.100631,0.3304173037993207,True,False,[0.3 0.  0.5]
65.45432,17,4826.157293,0.29291188434287896,True,False,[0.3 0.  0.5]
74.081267,20,4836.718813,0.3343548689538769,True,False,[0.3 0.  0.5]
54.147656,20,4847.280133,0.34592340827875306,True,False,[0.3 0.  0.5]
390.849936,14,4854.816176,0.09168956324527641,False,True,[0.3 0.  0.5]
38.395471,18,4864.374761,0.3328089651375037,True,False,[0.3 0.  0.5]
49.328666,28,4878.962623,0.6716874724508467,True,False,[0.3 0.  0.5]
61.687186,19,4889.029258,0.34138677189930294,True,False,[0.3 0.  0.5]
42.709316,18,4898.591172,0.30949160180411195,True,False,[0.3 0.  0.5]
383.526719,12,4905.126171,0.097942452784497,False,True,[0.3 0.  0.5]
61.319497,17,4914.191067,0.3335944842629442,True,False,[0.3 0.  0.5]
30.224242,27,4928.281153,0.7427487930884992,True,False,[0.3 0.  0.5]
82.6901,20,4939.152524,0.3243530195950302,True,False,[0.3 0.  0.5]
45.610254,20,4949.722241,0.34154693828667787,True,False,[0.3 0.  0.5]
380.469883,11,4955.76072,0.06318817550825596,False,True,[0.3 0.  0.5]
88.239733,23,4967.82392,0.26638621389348266,True,False,[0.3 0.  0.5]
57.874682,19,4977.889005,0.37119376679186167,True,False,[0.3 0.  0.5]
32.472133,26,4991.465401,0.7439675340740363,True,False,[0.3 0.  0.5]
59.053017,20,5002.03689,0.3398708693062496,True,False,[0.3 0.  0.5]
21.028738,23,5014.112703,0.7502830030243068,True,False,[0.3 0.  0.5]
46.294331,17,5023.165368,0.3460739391804108,True,False,[0.3 0.  0.5]
40.474945,18,5032.729753,0.3357299758791326,True,False,[0.3 0.  0.5]
58.733672,18,5042.285762,0.3289924477442037,True,False,[0.3 0.  0.5]
82.892602,20,5056.361323,0.3060135243596446,True,False,[0.3 0.  0.5]
63.174126,19,5066.425653,0.30801959003276247,True,False,[0.3 0.  0.5]
53.5583,18,5076.32812,0.32804264601300687,True,False,[0.3 0.  0.5]
48.232774,26,5089.908895,0.6431081846370618,True,False,[0.3 0.  0.5]
61.509194,13,5101.956556,0.2255436867402248,True,False,[0.3 0.  0.5]
42.954994,20,5112.517841,0.3068831780903864,True,False,[0.3 0.  0.5]
49.005514,19,5122.588196,0.2941237534842449,True,False,[0.3 0.  0.5]
33.768861,26,5136.182432,0.7205261816573236,True,False,[0.3 0.  0.5]
39.678988,29,5151.277789,0.8185946710602106,True,False,[0.3 0.  0.5]
386.08827,14,5158.822722,0.07078231183194386,False,True,[0.3 0.  0.5]
46.645093,19,5168.888403,0.32067370939638457,True,False,[0.3 0.  0.5]
148.567557,74,5206.638117,0.4208146411975699,True,False,[0.3 0.  0.5]
151.837486,66,5240.725782,0.41972491067778817,True,False,[0.3 0.  0.5]
70.441089,17,5249.780099,0.3130714183047689,True,False,[0.3 0.  0.5]
43.952065,19,5259.856502,0.2872298065734941,True,False,[0.3 0.  0.5]
56.824321,19,5269.92487,0.33116935526678104,True,False,[0.3 0.  0.5]
42.930746,19,5279.98593,0.34883061535643684,True,False,[0.3 0.  0.5]
27.353573,26,5293.58163,0.753165040656613,True,False,[0.3 0.  0.5]
65.40124,19,5303.648177,0.32582037598509067,True,False,[0.3 0.  0.5]
41.794141,18,5313.211756,0.3090559303204615,True,False,[0.3 0.  0.5]
54.56487,17,5322.261125,0.3089118379489332,True,False,[0.3 0.  0.5]
64.914151,19,5332.317043,0.32309869682499515,True,False,[0.3 0.  0.5]
81.07777,34,5350.318209,0.8351374116360195,True,False,[0.3 0.  0.5]
66.575771,16,5358.874209,0.29936585319849374,True,False,[0.3 0.  0.5]
384.877515,11,5364.908015,0.06924187875400296,False,True,[0.3 0.  0.5]
57.666286,16,5373.461542,0.3157091455266793,True,False,[0.3 0.  0.5]
67.352027,18,5383.017236,0.3067427975421541,True,False,[0.3 0.  0.5]
77.251102,18,5392.582913,0.28929696024199497,True,False,[0.3 0.  0.5]
59.217491,18,5402.152952,0.3320972718161962,True,False,[0.3 0.  0.5]
51.163168,19,5412.216635,0.3237690427723293,True,False,[0.3 0.  0.5]
380.431128,11,5418.251818,0.0926283660233449,False,True,[0.3 0.  0.5]
49.294282,20,5428.813865,0.2999310554942872,True,False,[0.3 0.  0.5]
45.084008,29,5443.918186,0.7319473903498913,True,False,[0.3 0.  0.5]
29.585056,27,5458.00772,0.7850759623685222,True,False,[0.3 0.  0.5]
74.263102,19,5468.063741,0.3222338644578471,True,False,[0.3 0.  0.5]
26.938013,13,5480.116061,0.3047720417120041,True,False,[0.3 0.  0.5]
38.395087,18,5489.672426,0.3078659499295218,True,False,[0.3 0.  0.5]
65.162828,18,5499.594641,0.3327064230330771,True,False,[0.3 0.  0.5]
40.79257,19,5509.649734,0.26978150904682396,True,False,[0.3 0.  0.5]
380.488876,9,5514.675764,0.07134729788573113,False,True,[0.3 0.  0.5]
55.44923,19,5524.733707,0.3120214191029558,True,False,[0.3 0.  0.5]
374.875469,10,5530.263758,0.08765406796701337,False,True,[0.3 0.  0.5]
71.916536,17,5539.319236,0.30848064803932207,True,False,[0.3 0.  0.5]
70.013619,18,5548.883992,0.2984575754801861,True,False,[0.3 0.  0.5]
43.757169,19,5558.945063,0.29497573593024895,True,False,[0.3 0.  0.5]
62.510376,22,5570.505559,0.3645718327904216,True,False,[0.3 0.  0.5]
43.373783,18,5580.049289,0.273692198784921,True,False,[0.3 0.  0.5]
35.396065,17,5589.087647,0.3409985956664109,True,False,[0.3 0.  0.5]
387.219267,12,5595.618733,0.08619658181604889,False,True,[0.3 0.  0.5]
62.525158,19,5605.668032,0.37119024338893464,True,False,[0.3 0.  0.5]
75.375815,20,5616.223985,0.3356923308692035,True,False,[0.3 0.  0.5]
393.394222,14,5623.760921,0.07423019592247443,False,True,[0.3 0.  0.5]
68.026466,20,5634.590015,0.2953976939733339,True,False,[0.3 0.  0.5]
380.79132,10,5640.12343,0.05761568184741485,False,True,[0.3 0.  0.5]
384.658044,12,5646.672804,0.07270557202752596,False,True,[0.3 0.  0.5]
66.405772,19,5656.720487,0.33726679068305776,True,False,[0.3 0.  0.5]
379.30896,11,5662.752515,0.09814929203696145,False,True,[0.3 0.  0.5]
102.879891,64,5695.397071,0.4310140028848697,True,False,[0.3 0.  0.5]
374.50453,9,5700.417946,0.05901001649313129,False,True,[0.3 0.  0.5]
377.873941,10,5705.941682,0.09262533450786277,False,True,[0.3 0.  0.5]
60.983962,16,5714.484444,0.30390014611218596,True,False,[0.3 0.  0.5]
95.558859,39,5734.573579,0.8809554902679801,True,False,[0.3 0.  0.5]
65.364654,17,5743.611972,0.3079993348045102,True,False,[0.3 0.  0.5]
371.078529,8,5748.135235,0.08993489740789413,False,True,[0.3 0.  0.5]
204.721002,53,5775.526505,0.8688166260603736,True,False,[0.3 0.  0.5]
45.987437,26,5789.083153,0.7908016676826504,True,False,[0.3 0.  0.5]
57.680294,17,5798.124456,0.3149404303539419,True,False,[0.3 0.  0.5]
380.162481,10,5803.65014,0.06389821032196494,False,True,[0.3 0.  0.5]
46.158539,27,5817.711559,0.7728029047924286,True,False,[0.3 0.  0.5]
387.100806,12,5824.240513,0.06680144925747981,False,True,[0.3 0.  0.5]
62.543126,16,5832.779121,0.25471334823205594,True,False,[0.3 0.  0.5]
65.229742,17,5841.81852,0.3251827377143617,True,False,[0.3 0.  0.5]
57.617176,19,5851.863564,0.3074556917899653,True,False,[0.3 0.  0.5]
119.583289,39,5871.946962,0.8249550544150723,True,False,[0.3 0.  0.5]
388.930992,12,5878.476693,0.04430810785094259,False,True,[0.3 0.  0.5]
61.752002,16,5887.016041,0.28387423051525534,True,False,[0.3 0.  0.5]
65.587291,18,5896.559136,0.26456848311013736,True,False,[0.3 0.  0.5]
73.859673,17,5905.860364,0.23916715184059992,True,False,[0.3 0.  0.5]
378.090944,10,5911.384928,0.09389624178615572,False,True,[0.3 0.  0.5]
82.555405,22,5922.93687,0.2826448538153939,True,False,[0.3 0.  0.5]
73.758159,17,5931.975682,0.2843919055838935,True,False,[0.3 0.  0.5]
388.550307,12,5938.50299,0.06823538197219219,False,True,[0.3 0.  0.5]
60.94453,19,5948.549621,0.28721791252979906,True,False,[0.3 0.  0.5]
53.888981,18,5958.088663,0.29757911216004074,True,False,[0.3 0.  0.5]
380.57137,12,5964.61694,0.08719656726587122,False,True,[0.3 0.  0.5]
36.267967,27,5978.677279,0.8633943336762171,True,False,[0.3 0.  0.5]
44.080655,19,5988.721127,0.3162052144056494,True,False,[0.3 0.  0.5]
74.929907,18,5998.264881,0.2635912126282769,True,False,[0.3 0.  0.5]
109.1367,41,6019.356892,0.9523048188834919,True,False,[0.3 0.  0.5]
67.385642,16,6027.895413,0.31812671261813996,True,False,[0.3 0.  0.5]
97.441929,42,6049.752638,0.9760084191231514,True,False,[0.3 0.  0.5]
68.027448,31,6065.826552,0.9596808020344834,True,False,[0.3 0.  0.5]
380.172512,12,6072.360613,0.08526625436785493,False,True,[0.3 0.  0.5]
377.368426,10,6077.882986,0.08606387012686428,False,True,[0.3 0.  0.5]
64.059764,17,6086.925259,0.293774254902705,True,False,[0.3 0.  0.5]
380.092235,10,6092.449749,0.06329322124242463,False,True,[0.3 0.  0.5]
377.532995,9,6097.471113,0.05957500101834053,False,True,[0.3 0.  0.5]
375.117548,10,6102.99456,0.09380691443562077,False,True,[0.3 0.  0.5]
389.990196,12,6109.522852,0.07957595665485759,False,True,[0.3 0.  0.5]
36.024758,27,6123.593567,0.7794793163000473,True,False,[0.3 0.  0.5]
382.075046,12,6130.122316,0.09497742363240937,False,True,[0.3 0.  0.5]
380.948134,11,6136.148436,0.07394257091782683,False,True,[0.3 0.  0.5]
66.095487,19,6146.195491,0.2996980340997912,True,False,[0.3 0.  0.5]
71.565435,32,6162.770949,0.9435834192702379,True,False,[0.3 0.  0.5]
66.274667,16,6171.574147,0.2978936820759913,True,False,[0.3 0.  0.5]
378.102516,10,6177.100804,0.05144538630269043,False,True,[0.3 0.  0.5]
70.848627,16,6185.639294,0.24459217623150925,True,False,[0.3 0.  0.5]
75.861052,16,6194.174494,0.23634133740599053,True,False,[0.3 0.  0.5]
72.069226,30,6209.736138,0.8460403581512536,True,False,[0.3 0.  0.5]
377.261096,9,6214.758349,0.031106158681082345,False,True,[0.3 0.  0.5]
131.83513,75,6252.919377,0.41771289691129265,True,False,[0.3 0.  0.5]
377.038668,9,6257.940999,0.0683510205838939,False,True,[0.3 0.  0.5]
79.050348,38,6277.529837,0.9858123651904679,True,False,[0.3 0.  0.5]
124.255908,69,6312.953928,0.4202655683863803,True,False,[0.3 0.  0.5]
380.282241,10,6318.477591,0.09192914411400996,False,True,[0.3 0.  0.5]
372.420223,9,6323.503282,0.07107621436794019,False,True,[0.3 0.  0.5]
59.986158,26,6337.061466,0.7971188504847202,True,False,[0.3 0.  0.5]
44.985436,13,6349.094408,0.2721132970490857,True,False,[0.3 0.  0.5]
96.556651,37,6368.179448,1.004872732701686,True,False,[0.3 0.  0.5]
375.675793,9,6373.204275,0.06257489173079067,False,True,[0.3 0.  0.5]
69.512178,16,6381.743486,0.30425183044295645,True,False,[0.3 0.  0.5]
89.651465,24,6394.299141,0.3071237452220121,True,False,[0.3 0.  0.5]
379.615882,10,6399.823257,0.07250082730849157,False,True,[0.3 0.  0.5]
381.695093,10,6405.347148,0.07431594745971212,False,True,[0.3 0.  0.5]
386.868407,12,6411.876013,0.09046382860424493,False,True,[0.3 0.  0.5]
47.236124,28,6426.43971,0.8361369655011556,True,False,[0.3 0.  0.5]
398.819959,13,6433.470725,0.07910519963610887,False,True,[0.3 0.  0.5]
375.718348,10,6438.994074,0.08379857184009615,False,True,[0.3 0.  0.5]
64.579688,27,6453.322121,0.9054806663411059,True,False,[0.3 0.  0.5]
15.846716,23,6465.378671,0.861532492087667,True,False,[0.3 0.  0.5]
370.533781,8,6469.898456,0.09679750810560621,False,True,[0.3 0.  0.5]
141.636398,74,6507.559962,0.39857005125817535,True,False,[0.3 0.  0.5]
68.468903,18,6517.100175,0.271243444599929,True,False,[0.3 0.  0.5]
33.733351,25,6530.160232,0.821629538081431,True,False,[0.3 0.  0.5]
35.526897,24,6542.716382,0.748497087233325,True,False,[0.3 0.  0.5]
380.604918,10,6548.240723,0.07007257857927655,False,True,[0.3 0.  0.5]
72.165368,38,6567.82612,0.9912075819861974,True,False,[0.3 0.  0.5]
87.209646,36,6586.668156,0.8613453864028872,True,False,[0.3 0.  0.5]
77.926036,33,6603.743896,0.9036219383871755,True,False,[0.3 0.  0.5]
94.743784,37,6622.832311,0.9058385018832483,True,False,[0.3 0.  0.5]
387.179674,13,6629.864272,0.06633307153215162,False,True,[0.3 0.  0.5]
96.246007,33,6646.938007,0.8425197151831934,True,False,[0.3 0.  0.5]
376.299289,10,6652.459714,0.0986189439697947,False,True,[0.3 0.  0.5]
126.066695,44,6675.059516,0.8315471481826482,True,False,[0.3 0.  0.5]
378.187249,9,6680.081965,0.04341180840795947,False,True,[0.3 0.  0.5]
378.186956,9,6685.104703,0.07165582119910861,False,True,[0.3 0.  0.5]
374.352446,9,6690.124802,0.08195025301906389,False,True,[0.3 0.  0.5]
92.566865,37,6709.211522,0.9694704883499344,True,False,[0.3 0.  0.5]
380.709888,9,6714.493284,0.05449772563139996,False,True,[0.3 0.  0.5]
378.67283,10,6720.01738,0.033930715381663784,False,True,[0.3 0.  0.5]
99.649031,38,6739.606067,0.911192224852222,True,False,[0.3 0.  0.5]
376.33406,10,6745.132378,0.08183537803413883,False,True,[0.3 0.  0.5]
80.371289,20,6755.680319,0.3154364451750135,True,False,[0.3 0.  0.5]
43.59333,18,6765.220209,0.30234227001188413,True,False,[0.3 0.  0.5]
375.874282,9,6770.243065,0.05057015801774716,False,True,[0.3 0.  0.5]
51.61669,18,6779.7855,0.31506545996184837,True,False,[0.3 0.  0.5]
50.55804,18,6789.329163,0.2535706041493672,True,False,[0.3 0.  0.5]
395.161232,12,6795.856173,0.09989693845788744,False,True,[0.3 0.  0.5]
372.341673,9,6800.878937,0.07014556069523833,False,True,[0.3 0.  0.5]
77.636688,19,6810.922928,0.3123703358908052,True,False,[0.3 0.  0.5]
373.832526,9,6818.945401,0.05806747926540029,False,True,[0.3 0.  0.5]
116.437757,69,6854.339012,0.40355582876772705,True,False,[0.3 0.  0.5]
72.697461,17,6863.381681,0.27799995598795424,True,False,[0.3 0.  0.5]
390.384717,13,6870.410113,0.08190600113643894,False,True,[0.3 0.  0.5]
69.90431,32,6886.981032,0.9760449354408043,True,False,[0.3 0.  0.5]
376.319112,10,6892.504778,0.06755389022208966,False,True,[0.3 0.  0.5]
372.812316,9,6897.527132,0.07492659724939098,False,True,[0.3 0.  0.5]
380.356271,10,6903.051902,0.04323037829586358,False,True,[0.3 0.  0.5]
375.888241,10,6908.575831,0.0784090905704587,False,True,[0.3 0.  0.5]
64.118165,20,6919.120902,0.31361170559551726,True,False,[0.3 0.  0.5]
381.931742,10,6924.643526,0.05458773281866927,False,True,[0.3 0.  0.5]
380.783632,10,6930.166466,0.09087914629632181,False,True,[0.3 0.  0.5]
380.867724,11,6936.190385,0.0702021702937631,False,True,[0.3 0.  0.5]
95.604484,35,6954.273961,0.8960331187162828,True,False,[0.3 0.  0.5]
40.891745,28,6968.841563,0.8603810173517018,True,False,[0.3 0.  0.5]
48.112851,19,6978.885927,0.27303577220026093,True,False,[0.3 0.  0.5]
371.139572,8,6983.40767,0.047916760785626164,False,True,[0.3 0.  0.5]
384.84704,12,6990.193418,0.04716678745532175,False,True,[0.3 0.  0.5]
50.85395,17,6999.233428,0.24584699260803447,True,False,[0.3 0.  0.5]
57.734351,22,7010.784528,0.2461076908801698,True,False,[0.3 0.  0.5]
388.344399,13,7017.814644,0.06684034977343563,False,True,[0.3 0.  0.5]
72.616488,18,7027.354493,0.2440531937932274,True,False,[0.3 0.  0.5]
388.99208,12,7033.881768,0.0949894740884535,False,True,[0.3 0.  0.5]
375.598683,10,7039.404971,0.09368515941219072,False,True,[0.3 0.  0.5]
71.13383,16,7047.943474,0.2449186393458351,True,False,[0.3 0.  0.5]
49.786835,25,7060.998564,0.8527895013627719,True,False,[0.3 0.  0.5]
375.596103,9,7066.023211,0.048361922887534256,False,True,[0.3 0.  0.5]
97.67842,39,7086.108429,0.9426736030670789,True,False,[0.3 0.  0.5]
386.264811,13,7093.139055,0.09820944761409614,False,True,[0.3 0.  0.5]
72.112248,18,7102.68216,0.2131756007425736,True,False,[0.3 0.  0.5]
378.118053,9,7107.70436,0.05861020934689028,False,True,[0.3 0.  0.5]
47.259765,17,7116.741328,0.2110536879154342,True,False,[0.3 0.  0.5]
424.690883,14,7124.534543,0.05040662381515242,False,True,[0.3 0.  0.5]
103.151444,42,7146.130344,1.001117616573814,True,False,[0.3 0.  0.5]
378.408744,10,7151.655164,0.09467434975943599,False,True,[0.3 0.  0.5]
380.598712,11,7157.679561,0.06784907381432577,False,True,[0.3 0.  0.5]
376.320207,10,7163.203671,0.0761811289924809,False,True,[0.3 0.  0.5]
64.881359,16,7171.741477,0.28285423154297357,True,False,[0.3 0.  0.5]
374.054799,9,7176.763059,0.06406531352125372,False,True,[0.3 0.  0.5]
83.663606,37,7195.84474,0.9564509107148396,True,False,[0.3 0.  0.5]
102.574999,36,7214.423464,0.9280585765777858,True,False,[0.3 0.  0.5]
377.379412,10,7219.948276,0.07514687827442137,False,True,[0.3 0.  0.5]
83.535875,32,7236.520817,0.865901661637591,True,False,[0.3 0.  0.5]
374.506782,9,7241.542655,0.037677327747101634,False,True,[0.3 0.  0.5]
378.03557,9,7246.563753,0.03363895005203426,False,True,[0.3 0.  0.5]
379.382688,10,7252.089425,0.07515779839511637,False,True,[0.3 0.  0.5]
375.253728,10,7257.614895,0.09891976502958752,False,True,[0.3 0.  0.5]
382.757845,10,7263.39803,0.06103860333204101,False,True,[0.3 0.  0.5]
386.07512,12,7269.924516,0.09437716689912364,False,True,[0.3 0.  0.5]
376.885707,10,7275.446542,0.07077693132978756,False,True,[0.3 0.  0.5]
376.904018,10,7280.970536,0.06282936137573109,False,True,[0.3 0.  0.5]
380.945154,11,7286.997351,0.09468128076681344,False,True,[0.3 0.  0.5]
376.923071,10,7292.522705,0.07467171865963657,False,True,[0.3 0.  0.5]
384.382093,11,7298.549419,0.07612795794818766,False,True,[0.3 0.  0.5]
373.888362,9,7303.572612,0.07538220621301141,False,True,[0.3 0.  0.5]
378.957464,10,7309.095652,0.08050909409237686,False,True,[0.3 0.  0.5]
383.402843,12,7315.6246,0.07955283582626922,False,True,[0.3 0.  0.5]
376.519269,9,7320.645669,0.05628497251545318,False,True,[0.3 0.  0.5]
101.350052,37,7339.729408,0.8888577886621964,True,False,[0.3 0.  0.5]
379.454012,9,7344.75103,0.052925413416466865,False,True,[0.3 0.  0.5]
378.699086,10,7350.273757,0.06148946245653103,False,True,[0.3 0.  0.5]
393.118297,13,7357.308254,0.05270008249240466,False,True,[0.3 0.  0.5]
74.336751,17,7366.34655,0.21378139572062443,True,False,[0.3 0.  0.5]
51.961602,19,7376.390273,0.2541201210704087,True,False,[0.3 0.  0.5]
372.478289,9,7381.41238,0.09965327714005372,False,True,[0.3 0.  0.5]
380.097163,10,7386.937332,0.06752308426602782,False,True,[0.3 0.  0.5]
376.504876,10,7392.461959,0.09396578608479696,False,True,[0.3 0.  0.5]
67.169056,18,7402.261674,0.21993336968746727,True,False,[0.3 0.  0.5]
376.402167,9,7407.281567,0.04089727952479924,False,True,[0.3 0.  0.5]
369.57329,8,7411.799671,0.07578940992537447,False,True,[0.3 0.  0.5]
97.759605,42,7433.389127,0.9089615771599798,True,False,[0.3 0.  0.5]
381.862344,11,7439.419066,0.054240547272936944,False,True,[0.3 0.  0.5]
70.758771,17,7448.459077,0.2058887694601892,True,False,[0.3 0.  0.5]
409.532375,13,7455.488649,0.08851175137021988,False,True,[0.3 0.  0.5]
379.875266,9,7460.510464,0.03436059041790099,False,True,[0.3 0.  0.5]
378.373396,9,7465.531388,0.09610393735734739,False,True,[0.3 0.  0.5]
56.032572,27,7479.594038,0.8507052736205362,True,False,[0.3 0.  0.5]
72.027084,16,7488.130875,0.29296231600022077,True,False,[0.3 0.  0.5]
377.179188,10,7493.657162,0.08477216952069577,False,True,[0.3 0.  0.5]
385.026001,11,7499.679785,0.04406055571312542,False,True,[0.3 0.  0.5]
375.064443,8,7504.199092,0.04922933337301057,False,True,[0.3 0.  0.5]
80.363163,17,7513.237928,0.16196017048668288,True,False,[0.3 0.  0.5]
370.25478,8,7517.755869,0.04838980488634945,False,True,[0.3 0.  0.5]
385.057584,11,7523.781861,0.08436815599784016,False,True,[0.3 0.  0.5]
376.259349,10,7529.304256,0.06639366822719146,False,True,[0.3 0.  0.5]
381.22285,9,7534.325047,0.0436688242497839,False,True,[0.3 0.  0.5]
63.044834,35,7552.659619,0.9059097373197385,True,False,[0.3 0.  0.5]
383.450122,11,7558.688355,0.05120796020711035,False,True,[0.3 0.  0.5]
374.125162,9,7563.709908,0.06711022860713772,False,True,[0.3 0.  0.5]
377.413677,10,7569.234301,0.093903917812983,False,True,[0.3 0.  0.5]
80.562914,20,7579.781131,0.2450793372592319,True,False,[0.3 0.  0.5]
375.048262,9,7584.801294,0.072929149130822,False,True,[0.3 0.  0.5]
49.183151,17,7593.839877,0.2788279313600176,True,False,[0.3 0.  0.5]
380.340845,10,7599.364144,0.07110251973031086,False,True,[0.3 0.  0.5]
368.797909,8,7603.88569,0.06413176831316617,False,True,[0.3 0.  0.5]
388.527826,12,7610.416546,0.09803735219127092,False,True,[0.3 0.  0.5]
79.551778,18,7619.960352,0.22446057365126224,True,False,[0.3 0.  0.5]
53.188535,19,7630.005988,0.2690317385145961,True,False,[0.3 0.  0.5]
373.877429,9,7635.027205,0.08298752400168978,False,True,[0.3 0.  0.5]
378.911404,9,7640.049067,0.07147194010989774,False,True,[0.3 0.  0.5]
377.248567,9,7645.069758,0.049448482472399066,False,True,[0.3 0.  0.5]
118.41855,73,7682.464846,0.4372537954281937,True,False,[0.3 0.  0.5]
372.295517,8,7686.985559,0.0686265273504852,False,True,[0.3 0.  0.5]
39.885855,18,7696.526508,0.3084792115089316,True,False,[0.3 0.  0.5]
374.156601,9,7701.549236,0.038671850284068804,False,True,[0.3 0.  0.5]
369.796015,8,7706.067117,0.07715262335102109,False,True,[0.3 0.  0.5]
374.987306,9,7711.088654,0.04935376369623747,False,True,[0.3 0.  0.5]
376.51116,9,7716.109333,0.0891509515043811,False,True,[0.3 0.  0.5]
384.408239,10,7721.634778,0.06734605431559537,False,True,[0.3 0.  0.5]
374.02613,9,7726.656164,0.09238604711170129,False,True,[0.3 0.  0.5]
376.622327,10,7732.180248,0.042469958653413534,False,True,[0.3 0.  0.5]
72.898496,17,7741.218644,0.2586805188701183,True,False,[0.3 0.  0.5]
372.344855,8,7745.739504,0.058657591449242506,False,True,[0.3 0.  0.5]
373.915484,9,7750.761297,0.07336992653935835,False,True,[0.3 0.  0.5]
376.428664,9,7755.781246,0.08655724506999456,False,True,[0.3 0.  0.5]
66.202902,18,7765.322492,0.24050001191420145,True,False,[0.3 0.  0.5]
107.287383,33,7782.397491,0.937555908460006,True,False,[0.3 0.  0.5]
386.024665,10,7787.921636,0.054373647681186854,False,True,[0.3 0.  0.5]
66.0523,16,7796.459407,0.20609396889088594,True,False,[0.3 0.  0.5]
377.812903,9,7801.481108,0.054622720679000904,False,True,[0.3 0.  0.5]
370.257476,8,7805.999725,0.0973993799888971,False,True,[0.3 0.  0.5]
375.983806,9,7811.021129,0.049355348245162106,False,True,[0.3 0.  0.5]
381.266616,10,7816.828959,0.06271573997663961,False,True,[0.3 0.  0.5]
375.742485,9,7821.852314,0.07606582411347085,False,True,[0.3 0.  0.5]
381.984917,10,7827.377733,0.07768797521629252,False,True,[0.3 0.  0.5]
108.681979,68,7862.01432,0.4196091613865792,True,False,[0.3 0.  0.5]
378.979202,9,7867.035818,0.07369636040843311,False,True,[0.3 0.  0.5]
380.145208,9,7872.056947,0.04597819878969977,False,True,[0.3 0.  0.5]
379.533943,9,7877.077964,0.09952801730852583,False,True,[0.3 0.  0.5]
377.861782,10,7882.600825,0.08027780769797055,False,True,[0.3 0.  0.5]
370.016537,8,7887.1199,0.05841463494091739,False,True,[0.3 0.  0.5]
374.410938,9,7892.142007,0.0693371887092067,False,True,[0.3 0.  0.5]
385.38399,11,7898.18099,0.07603061484345637,False,True,[0.3 0.  0.5]
381.056503,9,7903.203806,0.05237233677086968,False,True,[0.3 0.  0.5]
378.880604,9,7908.224774,0.05035061767923841,False,True,[0.3 0.  0.5]
378.418023,9,7913.247447,0.06446586234418472,False,True,[0.3 0.  0.5]
372.893875,9,7918.266555,0.09432764454776459,False,True,[0.3 0.  0.5]
379.945035,9,7923.288867,0.028011915360900686,False,True,[0.3 0.  0.5]
382.946193,10,7928.814756,0.03955605879724551,False,True,[0.3 0.  0.5]
379.281455,9,7933.837342,0.04553696725090373,False,True,[0.3 0.  0.5]
375.991204,9,7938.85802,0.03867989499202661,False,True,[0.3 0.  0.5]
375.319716,10,7944.380641,0.05844642669957295,False,True,[0.3 0.  0.5]
371.169067,8,7948.898859,0.06710380191380788,False,True,[0.3 0.  0.5]
59.323737,14,7956.690279,0.24091512626633527,True,False,[0.3 0.  0.5]
379.381188,9,7961.711695,0.05987343906516718,False,True,[0.3 0.  0.5]
375.579915,9,7966.733623,0.06716054601345227,False,True,[0.3 0.  0.5]
380.710094,9,7971.754827,0.03631235839811127,False,True,[0.3 0.  0.5]
369.727354,9,7976.7739,0.09739907611052735,False,True,[0.3 0.  0.5]
380.281084,10,7982.29633,0.06388808118444751,False,True,[0.3 0.  0.5]
371.236371,8,7986.814889,0.08252734616476247,False,True,[0.3 0.  0.5]
376.093773,9,7991.835311,0.08499108234870222,False,True,[0.3 0.  0.5]
380.751388,11,7997.859408,0.08377476289246248,False,True,[0.3 0.  0.5]
383.694398,10,8003.382525,0.06744229082545784,False,True,[0.3 0.  0.5]
377.221294,9,8008.402503,0.06323263996216355,False,True,[0.3 0.  0.5]
375.176004,9,8013.424299,0.06950744627193557,False,True,[0.3 0.  0.5]
82.417616,18,8022.965941,0.21171220352896788,True,False,[0.3 0.  0.5]
388.545496,12,8029.492197,0.08792405135408171,False,True,[0.3 0.  0.5]
376.948395,9,8034.511702,0.08097095766498047,False,True,[0.3 0.  0.5]
65.670534,17,8043.551111,0.2719943109117764,True,False,[0.3 0.  0.5]
383.638056,12,8050.079421,0.09105916149960247,False,True,[0.3 0.  0.5]
376.660769,9,8055.100957,0.06433527311489003,False,True,[0.3 0.  0.5]
378.622923,10,8060.625231,0.09767776755679339,False,True,[0.3 0.  0.5]
374.178714,9,8065.64708,0.08747936496290394,False,True,[0.3 0.  0.5]
373.697145,8,8070.166028,0.057570933800444236,False,True,[0.3 0.  0.5]
75.105337,16,8078.701325,0.24119753034240246,True,False,[0.3 0.  0.5]
381.370913,9,8083.721584,0.06659890299326858,False,True,[0.3 0.  0.5]
376.489643,10,8089.25045,0.0697999734114821,False,True,[0.3 0.  0.5]
101.540662,43,8111.606141,0.9554255787396574,True,False,[0.3 0.  0.5]
161.795406,73,8148.765849,0.3937041581985574,True,False,[0.3 0.  0.5]
382.285128,11,8154.79124,0.04744686629341537,False,True,[0.3 0.  0.5]
377.741725,9,8159.81166,0.04144639655892516,False,True,[0.3 0.  0.5]
43.911927,28,8174.377699,0.9376330640278405,True,False,[0.3 0.  0.5]
379.481439,9,8179.399632,0.061122752156361794,False,True,[0.3 0.  0.5]
386.063614,10,8184.924009,0.09469817804245137,False,True,[0.3 0.  0.5]
379.085351,9,8189.944539,0.06423321475418654,False,True,[0.3 0.  0.5]
370.609005,8,8194.464071,0.06553933354788834,False,True,[0.3 0.  0.5]
383.980574,10,8199.989178,0.06569147220637803,False,True,[0.3 0.  0.5]
381.43641,10,8205.515257,0.0932603008727943,False,True,[0.3 0.  0.5]
377.021109,9,8210.536933,0.04497238215878066,False,True,[0.3 0.  0.5]
373.280246,9,8215.561588,0.07577772313986961,False,True,[0.3 0.  0.5]
381.407963,10,8221.085741,0.07177645727344095,False,True,[0.3 0.  0.5]
71.268711,15,8229.384752,0.20139352008753253,True,False,[0.3 0.  0.5]
369.456072,8,8233.905259,0.08271895208589918,False,True,[0.3 0.  0.5]
374.983553,8,8238.423981,0.034975268992750774,False,True,[0.3 0.  0.5]
375.485402,9,8243.444911,0.09213609358685437,False,True,[0.3 0.  0.5]
371.933652,8,8247.963954,0.048402809749662976,False,True,[0.3 0.  0.5]
383.031592,10,8253.487471,0.048775873306074115,False,True,[0.3 0.  0.5]
379.299049,10,8259.011664,0.05600762835694805,False,True,[0.3 0.  0.5]
57.14159,29,8274.078007,0.9422959301909329,True,False,[0.3 0.  0.5]
381.131699,10,8279.602031,0.07913466134690635,False,True,[0.3 0.  0.5]
384.459314,12,8286.13076,0.07374256584298475,False,True,[0.3 0.  0.5]
379.84099,11,8292.157188,0.09915694875939955,False,True,[0.3 0.  0.5]
70.114469,17,8301.193484,0.26082823144561085,True,False,[0.3 0.  0.5]
375.919922,9,8306.215245,0.08519118967334523,False,True,[0.3 0.  0.5]
381.080282,11,8312.240668,0.08992241144384208,False,True,[0.3 0.  0.5]
377.610837,10,8317.76552,0.05825463823847287,False,True,[0.3 0.  0.5]
379.965518,10,8323.290039,0.09475504424860855,False,True,[0.3 0.  0.5]
79.741011,19,8333.331764,0.3132105198190748,True,False,[0.3 0.  0.5]
379.111933,10,8338.862948,0.06376851049426435,False,True,[0.3 0.  0.5]
68.36157,15,8346.894842,0.22452894014333213,True,False,[0.3 0.  0.5]
377.164492,9,8351.916042,0.08565182020462267,False,True,[0.3 0.  0.5]
377.461852,10,8357.438918,0.09282221914281247,False,True,[0.3 0.  0.5]
376.904685,9,8362.459395,0.0616008200475837,False,True,[0.3 0.  0.5]
64.476214,15,8370.75215,0.2210321578069512,True,False,[0.3 0.  0.5]
386.497576,13,8377.781282,0.07401555886802748,False,True,[0.3 0.  0.5]
378.652465,9,8382.800709,0.06252540833066403,False,True,[0.3 0.  0.5]
379.367432,9,8387.822807,0.04842630572385704,False,True,[0.3 0.  0.5]
379.370548,9,8392.841529,0.024321634296802487,False,True,[0.3 0.  0.5]
376.791277,9,8397.861392,0.07673742658065552,False,True,[0.3 0.  0.5]
374.950186,9,8402.88349,0.08274764583098257,False,True,[0.3 0.  0.5]
380.265142,11,8408.908398,0.08303289001122895,False,True,[0.3 0.  0.5]
376.466859,9,8413.928967,0.07672158234306084,False,True,[0.3 0.  0.5]
378.661065,10,8419.451547,0.082270815850908,False,True,[0.3 0.  0.5]
54.900046,13,8426.479763,0.21921289738584868,True,False,[0.3 0.  0.5]
376.585408,9,8431.501496,0.08156056138304055,False,True,[0.3 0.  0.5]
378.713289,9,8436.522831,0.0758733513990924,False,True,[0.3 0.  0.5]
377.278257,9,8441.545166,0.06527961173476922,False,True,[0.3 0.  0.5]
375.631065,9,8446.564665,0.06581307496457432,False,True,[0.3 0.  0.5]
58.331462,16,8455.099462,0.2208580987851513,True,False,[0.3 0.  0.5]
68.704887,15,8463.134408,0.28721189494849564,True,False,[0.3 0.  0.5]
63.784887,15,8471.168457,0.2510899360030479,True,False,[0.3 0.  0.5]
374.843473,9,8476.190856,0.051243903800544006,False,True,[0.3 0.  0.5]
375.336914,9,8481.211012,0.05270543599892093,False,True,[0.3 0.  0.5]
71.751919,16,8489.749361,0.2878295053252369,True,False,[0.3 0.  0.5]
367.255518,8,8494.267381,0.09000672586981638,False,True,[0.3 0.  0.5]
367.742503,8,8498.786703,0.08268987225525425,False,True,[0.3 0.  0.5]
377.663036,10,8504.31039,0.06099863433140207,False,True,[0.3 0.  0.5]
377.007603,9,8509.598527,0.06893152700581058,False,True,[0.3 0.  0.5]
380.68059,10,8515.122133,0.09399249019227567,False,True,[0.3 0.  0.5]
378.139493,9,8520.144268,0.07896773711622772,False,True,[0.3 0.  0.5]
385.541914,10,8525.66856,0.0425765142339594,False,True,[0.3 0.  0.5]
73.869277,16,8534.204036,0.201101151217706,True,False,[0.3 0.  0.5]
375.376626,9,8539.225348,0.04515999167746103,False,True,[0.3 0.  0.5]
380.937512,10,8544.747491,0.08035721913657569,False,True,[0.3 0.  0.5]
382.310207,10,8550.270373,0.08652774304601098,False,True,[0.3 0.  0.5]
68.962145,16,8558.805289,0.28979053054932524,True,False,[0.3 0.  0.5]
370.662117,9,8563.825963,0.09812625071809793,False,True,[0.3 0.  0.5]
368.993981,8,8568.346247,0.09950606000893217,False,True,[0.3 0.  0.5]
128.492039,75,8606.505742,0.3724517191318661,True,False,[0.3 0.  0.5]
378.278959,10,8612.029957,0.09901822715841974,False,True,[0.3 0.  0.5]
370.559851,8,8616.550005,0.07689547259535354,False,True,[0.3 0.  0.5]
67.482378,15,8624.583229,0.27060274790862393,True,False,[0.3 0.  0.5]
377.83392,9,8629.604499,0.06314147314782212,False,True,[0.3 0.  0.5]
376.888711,9,8634.626798,0.08939189943779781,False,True,[0.3 0.  0.5]
377.411616,9,8639.649368,0.06403448612001476,False,True,[0.3 0.  0.5]
376.57472,9,8644.672329,0.08261404285941973,False,True,[0.3 0.  0.5]
380.500181,11,8650.962155,0.06194144527783371,False,True,[0.3 0.  0.5]
373.635746,8,8655.48156,0.06964916635558077,False,True,[0.3 0.  0.5]
374.339977,9,8660.502211,0.04892846287376082,False,True,[0.3 0.  0.5]
68.015252,15,8668.538915,0.2196847421874701,True,False,[0.3 0.  0.5]
377.908328,9,8673.561058,0.05444842547204767,False,True,[0.3 0.  0.5]
376.119765,9,8678.579127,0.06145469814365553,False,True,[0.3 0.  0.5]
376.202597,9,8683.601301,0.0593873889190256,False,True,[0.3 0.  0.5]
377.658071,9,8688.621533,0.09822810933153718,False,True,[0.3 0.  0.5]
375.021506,9,8693.641638,0.049529733959645834,False,True,[0.3 0.  0.5]
379.949303,10,8699.165634,0.0693733961419916,False,True,[0.3 0.  0.5]
59.708026,16,8707.704263,0.2242419921257983,True,False,[0.3 0.  0.5]
382.334925,12,8714.230705,0.09354859585301377,False,True,[0.3 0.  0.5]
378.535277,9,8719.25187,0.07939739594753976,False,True,[0.3 0.  0.5]
379.520403,9,8724.273216,0.05396458414105773,False,True,[0.3 0.  0.5]
376.692155,9,8729.293979,0.07225803903108823,False,True,[0.3 0.  0.5]
376.957239,9,8734.315529,0.06072882018772742,False,True,[0.3 0.  0.5]
375.90783,9,8739.336366,0.04186540787571939,False,True,[0.3 0.  0.5]
375.698887,9,8744.360045,0.046226936838791186,False,True,[0.3 0.  0.5]
383.623632,11,8750.384958,0.06240528513783255,False,True,[0.3 0.  0.5]
375.825977,9,8755.406661,0.04588540000139172,False,True,[0.3 0.  0.5]
378.500744,9,8760.427631,0.05749313860944824,False,True,[0.3 0.  0.5]
382.602831,10,8765.952362,0.04631052266269933,False,True,[0.3 0.  0.5]
378.278944,9,8770.974177,0.07145157575426547,False,True,[0.3 0.  0.5]
373.799154,9,8775.999414,0.08723439372178432,False,True,[0.3 0.  0.5]
386.260476,10,8781.523325,0.0352838927451319,False,True,[0.3 0.  0.5]
373.279938,8,8786.042509,0.052586028694724486,False,True,[0.3 0.  0.5]
78.739986,18,8795.84031,0.2568644798628474,True,False,[0.3 0.  0.5]
378.482143,9,8800.860505,0.04416581088123543,False,True,[0.3 0.  0.5]
375.121734,9,8805.880719,0.07126941598720869,False,True,[0.3 0.  0.5]
386.120881,12,8812.408739,0.09275477115467297,False,True,[0.3 0.  0.5]
372.199915,8,8816.930372,0.07814418556016182,False,True,[0.3 0.  0.5]
381.02909,10,8822.453976,0.06059908149493794,False,True,[0.3 0.  0.5]
373.747207,9,8827.474711,0.08318763799394752,False,True,[0.3 0.  0.5]
108.506831,44,8850.075547,1.0576494103699805,True,False,[0.3 0.  0.5]
378.495764,9,8855.095515,0.07442850874206909,False,True,[0.3 0.  0.5]
378.325154,9,8860.116041,0.033680738989012624,False,True,[0.3 0.  0.5]
373.307486,9,8865.137774,0.08661128487348485,False,True,[0.3 0.  0.5]
372.905375,9,8870.15922,0.08742571751329849,False,True,[0.3 0.  0.5]
377.707209,10,8875.681919,0.07781146742947749,False,True,[0.3 0.  0.5]
376.869785,10,8881.205467,0.08331027093939179,False,True,[0.3 0.  0.5]
371.478974,8,8885.723652,0.05951310000945901,False,True,[0.3 0.  0.5]
126.083454,67,8919.860786,0.41485978779264104,True,False,[0.3 0.  0.5]
381.779433,10,8925.384668,0.07833885095756456,False,True,[0.3 0.  0.5]
380.455404,9,8930.660722,0.02521822909307233,False,True,[0.3 0.  0.5]
377.132918,9,8935.683874,0.0678162658199404,False,True,[0.3 0.  0.5]
378.657139,9,8940.704202,0.0399140355207657,False,True,[0.3 0.  0.5]
389.824968,11,8946.730226,0.04496115504941375,False,True,[0.3 0.  0.5]
379.820713,10,8952.252094,0.04999524166022525,False,True,[0.3 0.  0.5]
397.537722,12,8958.778942,0.08167725433735921,False,True,[0.3 0.  0.5]
82.543454,16,8967.319374,0.21996121182478717,True,False,[0.3 0.  0.5]
381.504254,11,8973.345445,0.05932704232663241,False,True,[0.3 0.  0.5]
375.856426,9,8978.36805,0.09836515846395394,False,True,[0.3 0.  0.5]
377.473794,9,8983.389075,0.045239511712218364,False,True,[0.3 0.  0.5]
377.999918,10,8988.91258,0.08473062720066298,False,True,[0.3 0.  0.5]
378.480408,9,8993.93377,0.04370739582238899,False,True,[0.3 0.  0.5]
372.210176,9,8998.955765,0.07391490527704758,False,True,[0.3 0.  0.5]
120.083135,70,9034.603446,0.4042635354525468,True,False,[0.3 0.  0.5]
378.974912,9,9039.625346,0.04103818492598115,False,True,[0.3 0.  0.5]
376.920985,10,9045.14897,0.08051603192865339,False,True,[0.3 0.  0.5]
376.471021,9,9050.169329,0.062243543489564644,False,True,[0.3 0.  0.5]
377.585934,9,9055.192585,0.04356326070968549,False,True,[0.3 0.  0.5]
376.666283,10,9060.716316,0.06378657953636661,False,True,[0.3 0.  0.5]
379.198461,9,9065.992713,0.09421157159933476,False,True,[0.3 0.  0.5]
376.629497,10,9071.518067,0.06596949155996092,False,True,[0.3 0.  0.5]
369.648695,8,9076.037793,0.0763363011163414,False,True,[0.3 0.  0.5]
378.822402,9,9081.060968,0.03439391603822479,False,True,[0.3 0.  0.5]
382.538773,11,9087.088026,0.035519624510115595,False,True,[0.3 0.  0.5]
64.298041,15,9095.121661,0.19412704125509012,True,False,[0.3 0.  0.5]
376.850844,9,9100.144424,0.04470444898349885,False,True,[0.3 0.  0.5]
375.001487,10,9105.668363,0.07810055547944247,False,True,[0.3 0.  0.5]
382.498364,11,9111.695035,0.07141142364823709,False,True,[0.3 0.  0.5]
382.148395,9,9116.716665,0.027539360507395562,False,True,[0.3 0.  0.5]
386.889969,12,9123.24429,0.054777053548358,False,True,[0.3 0.  0.5]
377.734431,9,9128.264138,0.06732882403067558,False,True,[0.3 0.  0.5]
376.283685,9,9133.283804,0.07427115050280012,False,True,[0.3 0.  0.5]
375.495892,9,9138.305676,0.06443278774386511,False,True,[0.3 0.  0.5]
379.215657,10,9143.829776,0.054517860731655425,False,True,[0.3 0.  0.5]
379.077218,9,9148.849937,0.022364403219139052,False,True,[0.3 0.  0.5]
379.79157,9,9153.870486,0.04054903004315588,False,True,[0.3 0.  0.5]
385.38971,12,9160.39952,0.07528979788805479,False,True,[0.3 0.  0.5]
40.28736,15,9168.43306,0.2674066481683345,True,False,[0.3 0.  0.5]
376.432633,9,9173.456077,0.060075712420488564,False,True,[0.3 0.  0.5]
379.831162,10,9178.981071,0.07640364739793451,False,True,[0.3 0.  0.5]
68.499948,15,9187.015025,0.23815693927401171,True,False,[0.3 0.  0.5]
145.184276,68,9221.92287,0.3942802984319988,True,False,[0.3 0.  0.5]
375.313892,9,9226.946047,0.04521120401355874,False,True,[0.3 0.  0.5]
369.99579,8,9231.465625,0.06715212774794403,False,True,[0.3 0.  0.5]
378.549273,9,9236.487967,0.06829119631435804,False,True,[0.3 0.  0.5]
374.88742,9,9241.508571,0.07869186271599239,False,True,[0.3 0.  0.5]
384.704852,11,9247.534448,0.03789756033328512,False,True,[0.3 0.  0.5]
381.112546,9,9252.553671,0.07981346373016919,False,True,[0.3 0.  0.5]
381.862546,12,9259.081749,0.0790826977936555,False,True,[0.3 0.  0.5]
68.635063,17,9268.119639,0.21766009171414458,True,False,[0.3 0.  0.5]
69.337717,15,9276.153687,0.21845908497987004,True,False,[0.3 0.  0.5]
376.9809,9,9281.171913,0.07145251758052058,False,True,[0.3 0.  0.5]
373.311784,9,9286.194574,0.084165752926468,False,True,[0.3 0.  0.5]
372.896056,9,9291.216448,0.08284177935203199,False,True,[0.3 0.  0.5]
371.457869,9,9296.237596,0.07364853971908587,False,True,[0.3 0.  0.5]
381.287658,10,9301.761785,0.04941354172285904,False,True,[0.3 0.  0.5]
376.726452,9,9306.784221,0.07526357897166212,False,True,[0.3 0.  0.5]
382.841219,10,9312.307224,0.039569899714915646,False,True,[0.3 0.  0.5]
72.17421,15,9320.342173,0.2977852988997924,True,False,[0.3 0.  0.5]
373.775155,9,9325.362131,0.0394662180759927,False,True,[0.3 0.  0.5]
377.645876,9,9330.382877,0.0393643634470234,False,True,[0.3 0.  0.5]
382.391532,10,9335.905832,0.045102890844762454,False,True,[0.3 0.  0.5]
387.165771,12,9342.432205,0.06848422089564801,False,True,[0.3 0.  0.5]
375.424898,9,9347.71693,0.07452618601939974,False,True,[0.3 0.  0.5]
80.190221,19,9357.760723,0.28255686505845407,True,False,[0.3 0.  0.5]
380.582377,10,9363.284784,0.051074079547034176,False,True,[0.3 0.  0.5]
379.966473,9,9368.30757,0.038956595697759326,False,True,[0.3 0.  0.5]
384.539387,11,9374.333717,0.05240155912674221,False,True,[0.3 0.  0.5]
380.425369,11,9380.360203,0.08225484813958418,False,True,[0.3 0.  0.5]
382.667073,9,9385.38189,0.05424131684917424,False,True,[0.3 0.  0.5]
379.210019,9,9390.403356,0.04100754039071803,False,True,[0.3 0.  0.5]
375.980417,9,9395.423237,0.068912471328901,False,True,[0.3 0.  0.5]
377.829133,9,9400.44674,0.051554670850357434,False,True,[0.3 0.  0.5]
383.687294,12,9406.975589,0.08068100946531989,False,True,[0.3 0.  0.5]
372.745045,9,9411.997448,0.04862833519918945,False,True,[0.3 0.  0.5]
82.50079,18,9421.537415,0.16229149808991516,True,False,[0.3 0.  0.5]
80.589909,18,9431.079565,0.19340942939568853,True,False,[0.3 0.  0.5]
378.751981,9,9436.101626,0.03741636669717967,False,True,[0.3 0.  0.5]
374.501588,9,9441.121929,0.06463418898672758,False,True,[0.3 0.  0.5]
378.787816,9,9446.140687,0.04209892529371014,False,True,[0.3 0.  0.5]
378.773823,10,9451.663764,0.07811709646123127,False,True,[0.3 0.  0.5]
375.808572,10,9457.185242,0.0659013283165295,False,True,[0.3 0.  0.5]
383.186196,10,9462.707044,0.030812589598002427,False,True,[0.3 0.  0.5]
375.933536,9,9467.726932,0.04894698895177214,False,True,[0.3 0.  0.5]
376.431231,10,9473.250876,0.06238688085794219,False,True,[0.3 0.  0.5]
379.211818,10,9478.773199,0.05763375358984102,False,True,[0.3 0.  0.5]
377.809935,10,9484.297395,0.06477582716116992,False,True,[0.3 0.  0.5]
378.700281,9,9489.57858,0.059707025446224554,False,True,[0.3 0.  0.5]
389.452431,12,9496.104825,0.08499744885864596,False,True,[0.3 0.  0.5]
377.164265,9,9501.127201,0.08002364010157799,False,True,[0.3 0.  0.5]
378.196733,9,9506.148849,0.053988455680241354,False,True,[0.3 0.  0.5]
369.501743,8,9510.669657,0.05192092798656011,False,True,[0.3 0.  0.5]
377.639311,10,9516.19329,0.09938356144646085,False,True,[0.3 0.  0.5]
378.185363,10,9521.716007,0.07896331320587101,False,True,[0.3 0.  0.5]
96.3205,43,9543.822258,0.9464682982582385,True,False,[0.3 0.  0.5]
81.891862,17,9552.861965,0.19743294583689663,True,False,[0.3 0.  0.5]
380.286372,12,9559.389789,0.06994353893263841,False,True,[0.3 0.  0.5]
376.047093,9,9564.410822,0.05939308766784385,False,True,[0.3 0.  0.5]
381.687624,9,9569.431126,0.03383525361474909,False,True,[0.3 0.  0.5]
79.655775,17,9578.469593,0.21047256709113407,True,False,[0.3 0.  0.5]
61.599548,18,9588.006636,0.19865671899249024,True,False,[0.3 0.  0.5]
382.002175,10,9593.531742,0.05076128969448404,False,True,[0.3 0.  0.5]
128.939965,71,9629.915386,0.4125739175144516,True,False,[0.3 0.  0.5]
382.890937,12,9636.444085,0.09017302400193433,False,True,[0.3 0.  0.5]
384.338943,11,9642.468673,0.06698451556358666,False,True,[0.3 0.  0.5]
379.431455,9,9647.488915,0.05592652148794716,False,True,[0.3 0.  0.5]
378.69173,10,9653.013627,0.04677540370483497,False,True,[0.3 0.  0.5]
374.094732,8,9657.531617,0.06152920812247407,False,True,[0.3 0.  0.5]
378.360353,10,9663.054295,0.052590364696371544,False,True,[0.3 0.  0.5]
382.629182,10,9668.574363,0.0603524346266863,False,True,[0.3 0.  0.5]
382.613436,12,9675.103148,0.08376692315056672,False,True,[0.3 0.  0.5]
72.093406,15,9683.137181,0.1974880596978085,True,False,[0.3 0.  0.5]
374.149772,9,9688.158473,0.09717985835395077,False,True,[0.3 0.  0.5]
374.789425,8,9692.680556,0.039145313598420925,False,True,[0.3 0.  0.5]
390.391316,12,9699.208806,0.03349065006425038,False,True,[0.3 0.  0.5]
386.576337,12,9705.73494,0.06389505311491864,False,True,[0.3 0.  0.5]
378.376241,10,9711.257318,0.05846025949307025,False,True,[0.3 0.  0.5]
70.33709,17,9720.297128,0.19252418695504403,True,False,[0.3 0.  0.5]
143.793876,48,9744.901438,0.9123555520762967,True,False,[0.3 0.  0.5]
379.521188,9,9749.921718,0.06517195097814109,False,True,[0.3 0.  0.5]
376.9026,9,9754.94177,0.06832385639822232,False,True,[0.3 0.  0.5]
377.250065,9,9759.961717,0.0651593345837446,False,True,[0.3 0.  0.5]
371.748822,8,9764.740623,0.05569812118652741,False,True,[0.3 0.  0.5]
377.857273,9,9769.762949,0.07785131231388183,False,True,[0.3 0.  0.5]
381.610616,11,9775.786592,0.06490734078877473,False,True,[0.3 0.  0.5]
380.299015,9,9780.806995,0.09944237600500223,False,True,[0.3 0.  0.5]
377.836707,9,9785.830627,0.02058834527796768,False,True,[0.3 0.  0.5]
378.857994,9,9790.852287,0.05545499676446253,False,True,[0.3 0.  0.5]
377.423785,9,9795.872733,0.059011800262556355,False,True,[0.3 0.  0.5]
377.479439,9,9800.893104,0.05988153836994874,False,True,[0.3 0.  0.5]
377.361622,10,9806.421921,0.08702730531475705,False,True,[0.3 0.  0.5]
379.834673,10,9811.946272,0.07307683173950476,False,True,[0.3 0.  0.5]
376.042229,9,9816.966827,0.07610633917995616,False,True,[0.3 0.  0.5]
376.529349,10,9822.488943,0.07514770601666623,False,True,[0.3 0.  0.5]
371.927385,8,9827.008261,0.05922853464581618,False,True,[0.3 0.  0.5]
383.276582,11,9833.033048,0.050320638162604334,False,True,[0.3 0.  0.5]
377.178278,9,9838.051849,0.05820682188684196,False,True,[0.3 0.  0.5]
377.998376,11,9844.07714,0.09057329897533699,False,True,[0.3 0.  0.5]
380.9547,9,9849.097827,0.02862218694181376,False,True,[0.3 0.  0.5]
75.26301,16,9857.635217,0.22865815819573995,True,False,[0.3 0.  0.5]
376.101153,9,9862.657063,0.05756857318985142,False,True,[0.3 0.  0.5]
381.494209,11,9868.684427,0.04499495649984023,False,True,[0.3 0.  0.5]
386.05958,11,9874.712388,0.06077361993269197,False,True,[0.3 0.  0.5]
375.968786,10,9880.235592,0.0765625801505913,False,True,[0.3 0.  0.5]
376.708506,10,9885.758539,0.0812876286606681,False,True,[0.3 0.  0.5]
378.885671,9,9890.782068,0.018399742402237546,False,True,[0.3 0.  0.5]
380.608407,11,9896.808416,0.0987332048221793,False,True,[0.3 0.  0.5]
379.462559,10,9902.608708,0.09808451334048339,False,True,[0.3 0.  0.5]
375.245032,9,9907.630796,0.060175474334380585,False,True,[0.3 0.  0.5]
396.926173,12,9914.158261,0.04982636507205581,False,True,[0.3 0.  0.5]
378.778562,9,9919.181074,0.059854398658940315,False,True,[0.3 0.  0.5]
372.806821,8,9923.700749,0.06572945969425979,False,True,[0.3 0.  0.5]
90.083037,37,9942.782994,0.9439064151629334,True,False,[0.3 0.  0.5]
381.576347,10,9948.305524,0.0682190881266714,False,True,[0.3 0.  0.5]
375.001699,9,9953.326227,0.05827587067643445,False,True,[0.3 0.  0.5]
376.72093,9,9958.349327,0.032604837571262035,False,True,[0.3 0.  0.5]
86.229364,41,9979.451094,0.9826586509404477,True,False,[0.3 0.  0.5]
378.68289,10,9984.973721,0.0703091846906405,False,True,[0.3 0.  0.5]
375.806592,9,9989.997698,0.060901257296968256,False,True,[0.3 0.  0.5]
378.250777,10,9995.522631,0.0407342341659186,False,True,[0.3 0.  0.5]
